<?xml version="1.0" encoding="UTF-8" standalone="no"?>
<!DOCTYPE properties SYSTEM "http://eq2online.net/dtd/properties.dtd">
<properties>
    <comment>Shared variables store for mod_Macros</comment>
    <entry key="walking">1</entry>
    <entry key="spamsneaking">1</entry>
    <entry key="#count">0</entry>
    <entry key="#lobby">19</entry>
    <entry key="#loc">1</entry>
    <entry key="&amp;direction">right</entry>
    <entry key="#craftenchanteddelay">200</entry>
    <entry key="#pitch">-1</entry>
    <entry key="isfinishedcrafting">0</entry>
    <entry key="#jaw">220</entry>
</properties>
