{"stat.walkOneCm":4080,"stat.leaveGame":3,"stat.pickup.minecraft.gravel":1,"stat.pickup.minecraft.log":23,"stat.jump":211,"stat.swimOneCm":3033,"stat.fallOneCm":5005,"stat.crouchOneCm":266,"stat.pickup.minecraft.sapling":5,"stat.pickup.minecraft.dirt":6,"stat.useItem.minecraft.dirt":2,"stat.sprintOneCm":6326,"stat.useItem.minecraft.stone_slab2":4,"stat.pickup.minecraft.apple":1,"stat.craftItem.minecraft.planks":32,"stat.damageTaken":90,"stat.mineBlock.minecraft.log":23,"stat.flyOneCm":75112,"stat.drop":2,"stat.mineBlock.minecraft.leaves":35,"stat.playOneMinute":14084,"stat.mineBlock.minecraft.gravel":1,"stat.sneakTime":127,"stat.timeSinceDeath":14084,"stat.drop.minecraft.yellow_flower":1,"stat.pickup.minecraft.yellow_flower":1,"stat.mineBlock.minecraft.dirt":6,"stat.drop.minecraft.log":1,"stat.diveOneCm":39}