{
  "minecraft:recipes/building_blocks/pink_concrete_powder": {
    "criteria": {
      "has_gravel": "2022-01-13 16:20:27 -0700"
    },
    "done": true
  },
  "minecraft:recipes/building_blocks/white_concrete_powder": {
    "criteria": {
      "has_gravel": "2022-01-13 16:20:27 -0700"
    },
    "done": true
  },
  "minecraft:recipes/building_blocks/red_concrete_powder": {
    "criteria": {
      "has_gravel": "2022-01-13 16:20:27 -0700"
    },
    "done": true
  },
  "minecraft:recipes/redstone/wooden_button": {
    "criteria": {
      "has_planks": "2022-01-13 16:25:15 -0700"
    },
    "done": true
  },
  "minecraft:recipes/building_blocks/oak_planks": {
    "criteria": {
      "has_log": "2022-01-13 16:19:44 -0700"
    },
    "done": true
  },
  "minecraft:recipes/building_blocks/blue_concrete_powder": {
    "criteria": {
      "has_gravel": "2022-01-13 16:20:27 -0700"
    },
    "done": true
  },
  "minecraft:recipes/transportation/dark_oak_boat": {
    "criteria": {
      "entered_water": "2022-01-13 15:13:42 -0700"
    },
    "done": true
  },
  "minecraft:recipes/building_blocks/gray_concrete_powder": {
    "criteria": {
      "has_gravel": "2022-01-13 16:20:27 -0700"
    },
    "done": true
  },
  "minecraft:recipes/building_blocks/purple_concrete_powder": {
    "criteria": {
      "has_gravel": "2022-01-13 16:20:27 -0700"
    },
    "done": true
  },
  "minecraft:recipes/building_blocks/magenta_concrete_powder": {
    "criteria": {
      "has_gravel": "2022-01-13 16:20:27 -0700"
    },
    "done": true
  },
  "minecraft:recipes/building_blocks/oak_wooden_slab": {
    "criteria": {
      "has_planks": "2022-01-13 16:25:15 -0700"
    },
    "done": true
  },
  "minecraft:recipes/decorations/fence": {
    "criteria": {
      "has_planks": "2022-01-13 16:25:15 -0700"
    },
    "done": true
  },
  "minecraft:recipes/building_blocks/lime_concrete_powder": {
    "criteria": {
      "has_gravel": "2022-01-13 16:20:27 -0700"
    },
    "done": true
  },
  "minecraft:recipes/building_blocks/yellow_concrete_powder": {
    "criteria": {
      "has_gravel": "2022-01-13 16:20:27 -0700"
    },
    "done": true
  },
  "minecraft:adventure/adventuring_time": {
    "criteria": {
      "forest": "2022-01-13 15:12:24 -0700",
      "extreme_hills_with_trees": "2022-01-13 15:13:58 -0700",
      "extreme_hills": "2022-01-13 15:13:42 -0700",
      "river": "2022-01-13 15:13:43 -0700"
    },
    "done": false
  },
  "minecraft:recipes/decorations/crafting_table": {
    "criteria": {
      "has_planks": "2022-01-13 16:25:15 -0700"
    },
    "done": true
  },
  "minecraft:recipes/building_blocks/black_concrete_powder": {
    "criteria": {
      "has_gravel": "2022-01-13 16:20:27 -0700"
    },
    "done": true
  },
  "minecraft:recipes/redstone/trapdoor": {
    "criteria": {
      "has_planks": "2022-01-13 16:25:15 -0700"
    },
    "done": true
  },
  "minecraft:recipes/building_blocks/coarse_dirt": {
    "criteria": {
      "has_gravel": "2022-01-13 16:20:27 -0700"
    },
    "done": true
  },
  "minecraft:recipes/transportation/birch_boat": {
    "criteria": {
      "entered_water": "2022-01-13 15:13:42 -0700"
    },
    "done": true
  },
  "minecraft:recipes/building_blocks/brown_concrete_powder": {
    "criteria": {
      "has_gravel": "2022-01-13 16:20:27 -0700"
    },
    "done": true
  },
  "minecraft:recipes/building_blocks/oak_stairs": {
    "criteria": {
      "has_planks": "2022-01-13 16:25:15 -0700"
    },
    "done": true
  },
  "minecraft:recipes/building_blocks/green_concrete_powder": {
    "criteria": {
      "has_gravel": "2022-01-13 16:20:27 -0700"
    },
    "done": true
  },
  "minecraft:recipes/redstone/fence_gate": {
    "criteria": {
      "has_planks": "2022-01-13 16:25:15 -0700"
    },
    "done": true
  },
  "minecraft:recipes/transportation/acacia_boat": {
    "criteria": {
      "entered_water": "2022-01-13 15:13:42 -0700"
    },
    "done": true
  },
  "minecraft:recipes/redstone/wooden_pressure_plate": {
    "criteria": {
      "has_planks": "2022-01-13 16:25:15 -0700"
    },
    "done": true
  },
  "minecraft:recipes/building_blocks/light_gray_concrete_powder": {
    "criteria": {
      "has_gravel": "2022-01-13 16:20:27 -0700"
    },
    "done": true
  },
  "minecraft:recipes/building_blocks/light_blue_concrete_powder": {
    "criteria": {
      "has_gravel": "2022-01-13 16:20:27 -0700"
    },
    "done": true
  },
  "minecraft:recipes/redstone/wooden_door": {
    "criteria": {
      "has_planks": "2022-01-13 16:25:15 -0700"
    },
    "done": true
  },
  "minecraft:recipes/misc/stick": {
    "criteria": {
      "has_planks": "2022-01-13 16:25:15 -0700"
    },
    "done": true
  },
  "minecraft:recipes/building_blocks/orange_concrete_powder": {
    "criteria": {
      "has_gravel": "2022-01-13 16:20:27 -0700"
    },
    "done": true
  },
  "minecraft:recipes/transportation/boat": {
    "criteria": {
      "entered_water": "2022-01-13 15:13:42 -0700"
    },
    "done": true
  },
  "minecraft:recipes/transportation/jungle_boat": {
    "criteria": {
      "entered_water": "2022-01-13 15:13:42 -0700"
    },
    "done": true
  },
  "minecraft:recipes/misc/yellow_dye_from_dandelion": {
    "criteria": {
      "has_yellow_flower": "2022-01-13 15:14:00 -0700"
    },
    "done": true
  },
  "minecraft:recipes/decorations/sign": {
    "criteria": {
      "has_planks": "2022-01-13 16:25:15 -0700"
    },
    "done": true
  },
  "minecraft:recipes/building_blocks/cyan_concrete_powder": {
    "criteria": {
      "has_gravel": "2022-01-13 16:20:27 -0700"
    },
    "done": true
  },
  "minecraft:recipes/transportation/spruce_boat": {
    "criteria": {
      "entered_water": "2022-01-13 15:13:42 -0700"
    },
    "done": true
  }
}